id,text,category
1413030472020631553,Y ya esta ya me he liberado.Es que las injusticias me pueden. Mucho apoyo a todos y mucha fuerza. Estamos con ustedes #LGTBI üí™üí™,hs
1409619250873081863,"Orgulloso estoy de mi pap√°, que dej√≥  de lado lo que aprendi√≥ de crianza y me dio todo su apoyo cuando sal√≠ del closet.#pride #Pride2021 #pridecali #Orgullo2021 #Orgullo #OrgulloLGTBI #OrgulloSiempre #caligay",hs
1409573191098511365,"Si quieres saber lo diverso e inclusivo que es el #Ecuador, visita cualquier publicaci√≥n referente al d√≠a del #OrgulloLGTBI #28deJunio y ver√°s la cantidad de ""me divierte y me enoja"". Y si te detienes a leer los comentarios, realmente saldr√°s aterrorizado.TAN POBRES DE MENTE",nhs
1409489246608560128,"me molesta mucho el discurso ese en favor del #OrgulloLGTBI  que enfatiza que cada uno pueda AMAR a quien quiera. Porque se valida nuestra identidad desde la bondad, desde la adecuaci√≥n a patrones, desde no s√© qu√© honrosa nobleza suscrita al amor. Y eso es perverso.",nhs
1410109561814622210,"8. No somos opositores al movimiento #LGTBI+, por el contrario nos consideramos complementario. Nuestro √©nfasis est√° en las necesidades de nuestro g√©nero.",nhs
1409468174484000770,"Por favor, ense√±emos a nuestres ni√±es que es v√°lido sentir atracci√≥n por personas de su mismo g√©nero... üíú‚ú® ¬°Pero tambi√©n no sentirla por nadie! ‚ú®üíú#Orgullo2021#OrgulloLGTBI",hs
1409511156650237956," Hijo, de verdad, si tu comprensi√≥n no llega a entender que el hacer el parip√© para quedar bien no compensa el luchar contra los derechos #LGTBI ya el problema no lo tenemos los dem√°s",nhs
1412169304372568070," Yo te lo explico.No se pueden cortar las v√≠as p√∫blicas sin autorizaci√≥n.Hoy es esto, ma√±ana unos reclamando el precio bajo de la leche, pasado unos pidiendo que reconozcan a Charles Manson como beato, etc.Dicho esto, todo mi apoyo a la causa #LGTBI.No m√°s odio.",hs
1409417291108958212,Hay mayores #LGTBI que tienen que volver al armario cuando ingresan en una residencia. La acompa√±a a este colectivo mediante programas de intervenci√≥n psicosocial. Est√° desarrollando una residencia y centro de d√≠a especializada en ellos.#Orgullo2021,nhs
1409549064610500611,"No habr√° orgullo para quienes lo exigimos si no hay derechos b√°sicos para quienes no los pueden ni pedir. La lucha del #OrgulloLGTBI es indudablemente un asunto pol√≠tico y sus conquistas son tambi√©n las conquistas de las amplias mayor√≠as, del pueblo en su conjunto.",hs
